"last_name, first_name",player_id,year,pa,k_percent,bb_percent,xwoba,exit_velocity_avg,whiff_percent,ff_percentage,sl_percentage,ch_percentage,cu_percentage,si_percentage,fc_percentage,fs_percentage,kn_percentage,st_percentage,sv_percentage,fo_percentage,sc_percentage,k_minus_bb_percent,sw_percentage,pitcher_hand,cluster_group,cluster_name
"Webb, Logan",657277,2025,856,26.2,5.4,0.295,89.7,24.7,7.9,,24.1,,33.6,7.8,,,26.6,,,,20.799999999999997,0.0,R,8,Changeup Specialist
"Crochet, Garrett",676979,2025,814,31.3,5.7,0.266,87.7,29.4,35.9,,4.3,,16.0,27.7,0.0,,16.0,,,,25.6,0.0,L,4,Cutter/Sinker
"Gallen, Zac",668678,2025,813,21.5,8.1,0.32,90.1,23.7,45.0,13.0,16.0,23.5,2.5,0.1,,,,,,,13.4,0.0,R,2,4 seam + 12/6
"Sánchez, Cristopher",650911,2025,807,26.3,5.5,0.272,89.0,30.4,,16.6,37.4,,46.0,,,,,,,,20.8,0.0,R,8,Changeup Specialist
"Valdez, Framber",664285,2025,802,23.3,8.5,0.303,90.8,26.6,0.2,3.1,17.9,33.1,45.7,,,,,,,,14.8,0.0,R,6,Primary Sinker
"Fried, Max",608331,2025,801,23.6,6.4,0.287,87.2,26.6,12.2,1.7,10.9,17.3,17.7,28.6,,,11.6,,,,17.200000000000003,0.0,R,4,Cutter/Sinker
"Rodón, Carlos",607074,2025,789,25.7,9.3,0.285,88.6,30.3,41.8,28.4,16.2,3.8,9.7,0.2,,,,,,,16.4,0.0,R,3,Four Seam and Changeup/Splitter
"Irvin, Jake",663623,2025,787,15.8,7.9,0.36,90.4,18.2,32.0,4.1,7.7,29.6,22.1,4.4,,,,,,,7.9,0.0,L,2,4 seam + 12/6
"Gausman, Kevin",592332,2025,775,24.4,6.5,0.301,89.3,26.4,53.7,8.8,,,0.1,,37.4,,,,,,17.9,0.0,R,7,Big Arsenal
"Kikuchi, Yusei",579328,2025,772,22.5,9.6,0.327,91.0,23.6,34.9,36.2,12.2,15.4,1.1,,,,0.2,,,,12.9,0.0,R,2,4 seam + 12/6
"Pfaadt, Brandon",694297,2025,767,19.2,4.8,0.352,90.8,22.1,23.4,,15.7,9.8,23.5,9.2,,,18.6,,,,14.399999999999999,0.0,R,7,Big Arsenal
"Bibee, Tanner",676440,2025,762,21.3,7.1,0.297,88.5,23.8,27.9,,15.2,5.1,15.2,20.7,,,16.0,,,,14.200000000000001,0.0,L,7,Big Arsenal
"Littell, Zack",641793,2025,759,17.1,4.2,0.323,90.2,20.4,23.9,27.5,,,15.8,,27.3,,5.4,,,,12.900000000000002,0.0,L,7,Big Arsenal
"Luzardo, Jesús",666200,2025,758,28.5,7.5,0.285,88.5,30.8,33.3,6.5,17.3,,10.8,,,,32.1,,,,21.0,0.0,R,3,Four Seam and Changeup/Splitter
"Ray, Robbie",592662,2025,755,24.6,9.7,0.3,91.0,27.8,51.9,22.6,13.0,12.1,0.1,,,,0.4,,,,14.900000000000002,0.0,R,2,4 seam + 12/6
"Gray, Sonny",543243,2025,753,26.7,5.0,0.306,88.9,27.5,21.7,1.7,8.4,18.4,18.0,12.6,,,19.2,,,,21.7,0.0,R,7,Big Arsenal
"Keller, Mitch",656605,2025,749,20.0,6.8,0.326,90.1,20.6,34.8,14.0,7.0,7.3,17.8,0.1,,,19.1,,,,13.2,0.0,R,7,Big Arsenal
"Skubal, Tarik",669373,2025,748,32.2,4.4,0.258,86.1,32.5,29.3,12.5,31.4,2.8,23.9,,0.1,,,,,,27.800000000000004,0.0,R,8,Changeup Specialist
"Kelly, Merrill",518876,2025,748,22.3,6.4,0.316,90.2,24.1,23.2,7.0,27.1,9.7,12.9,20.2,,,,,,,15.9,0.0,R,8,Changeup Specialist
"Castillo, Luis",622491,2025,745,21.7,6.2,0.312,90.3,24.6,46.3,20.4,11.4,,22.0,,,,,,,,15.5,0.0,R,3,Four Seam and Changeup/Splitter
"Alcantara, Sandy",645261,2025,745,19.1,7.7,0.332,90.7,20.9,17.1,17.1,23.2,,25.8,16.7,,,,,,,11.400000000000002,0.0,R,8,Changeup Specialist
"Bassitt, Chris",605135,2025,736,22.6,7.1,0.316,87.7,23.3,9.3,2.9,3.7,16.2,41.7,16.8,3.6,,5.8,,,,15.500000000000002,0.0,R,6,Primary Sinker
"Skenes, Paul",694973,2025,733,29.5,5.7,0.255,87.6,30.1,38.9,5.6,10.9,4.8,10.4,,13.5,,15.8,,,,23.8,0.0,R,3,Four Seam and Changeup/Splitter
"Woo, Bryan",693433,2025,731,27.1,4.9,0.274,89.1,26.2,47.3,11.0,7.1,,25.5,,,,9.0,,,,22.200000000000003,0.0,R,7,Big Arsenal
"Brown, Hunter",686613,2025,729,28.3,7.8,0.277,86.1,27.8,37.5,8.5,12.0,17.9,22.7,1.4,,,,,,,20.5,0.0,R,2,4 seam + 12/6
"Parker, Mitchell",680730,2025,725,14.2,8.0,0.37,92.3,19.6,55.5,12.1,,22.0,,,10.5,,,,,,6.199999999999999,0.0,R,2,4 seam + 12/6
"Soriano, José",667755,2025,724,21.0,10.8,0.312,91.4,27.0,8.6,6.0,0.4,26.7,49.1,,9.2,,,,,,10.2,0.0,R,6,Primary Sinker
"Peralta, Freddy",642547,2025,723,28.2,9.1,0.289,88.0,30.1,53.5,9.1,21.2,15.1,,,,,1.1,,,,19.1,0.0,R,8,Changeup Specialist
"Peterson, David",656849,2025,723,20.7,9.0,0.331,90.6,24.0,22.3,19.1,15.3,13.7,29.6,,,,,,,,11.7,0.0,R,6,Primary Sinker
"Cease, Dylan",656302,2025,722,29.8,9.8,0.29,88.9,33.4,42.1,40.8,1.2,8.3,3.9,,,,3.5,,,,20.0,0.0,R,7,Big Arsenal
"Pivetta, Nick",601713,2025,721,26.4,6.9,0.309,90.3,24.6,47.4,0.5,,22.4,2.3,8.8,0.2,,18.6,,,,19.5,0.0,R,2,4 seam + 12/6
"Boyd, Matthew",571510,2025,718,21.4,5.8,0.301,88.5,23.1,47.1,14.9,23.7,11.3,3.0,,,,,,,,15.599999999999998,0.0,R,8,Changeup Specialist
"Singer, Brady",663903,2025,716,22.8,8.4,0.32,90.3,24.0,10.7,28.4,,,40.6,9.3,,,11.1,,,,14.4,0.0,R,6,Primary Sinker
"Wacha, Michael",608379,2025,716,17.6,6.3,0.316,87.5,21.3,27.0,12.2,25.4,7.7,12.7,15.0,,,,,,,11.3,0.0,L,9,Lefty Changeup Specialist
"Pallante, Andre",669467,2025,715,15.5,8.7,0.321,89.2,22.3,44.1,28.5,,14.0,13.3,,,,0.1,,,,6.800000000000001,0.0,L,2,4 seam + 12/6
"Springs, Jeffrey",605488,2025,713,19.4,7.6,0.321,88.3,26.0,42.5,20.2,25.3,,,5.9,,,6.1,,,,11.799999999999999,0.0,L,9,Lefty Changeup Specialist
"Baz, Shane",669358,2025,711,24.8,9.0,0.306,89.0,25.8,43.9,3.0,11.4,26.9,,14.7,,,,,,,15.8,0.0,R,2,4 seam + 12/6
"Warren, Will",701542,2025,711,24.1,9.1,0.33,91.0,24.6,41.6,,9.8,7.0,21.0,,,,20.6,,,,15.000000000000002,0.0,R,7,Big Arsenal
"Freeland, Kyle",607536,2025,709,17.5,5.4,0.342,91.1,21.0,33.4,,5.9,26.1,6.1,15.6,,,12.9,,,,12.1,0.0,R,2,4 seam + 12/6
"Holmes, Clay",605280,2025,708,18.2,9.3,0.322,89.7,22.1,5.4,10.7,15.7,,40.8,8.4,,,19.0,,,,8.899999999999999,0.0,R,7,Big Arsenal
"Kremer, Dean",665152,2025,708,20.1,6.4,0.304,88.1,22.9,26.6,0.1,,12.8,19.3,20.2,21.1,,,,,,13.700000000000001,0.0,R,2,4 seam + 12/6
"Severino, Luis",622663,2025,705,17.6,7.1,0.331,88.3,18.3,28.0,4.0,5.4,,20.2,17.6,,,24.8,,,,10.500000000000002,0.0,R,7,Big Arsenal
"Williams, Gavin",668909,2025,704,24.6,11.8,0.321,90.4,27.7,37.4,,0.1,22.0,6.6,14.0,,,19.9,,,,12.8,0.0,R,2,4 seam + 12/6
"Bello, Brayan",678394,2025,700,17.7,8.4,0.327,88.8,20.1,14.8,,15.0,,35.4,16.0,,,18.8,,,,9.299999999999999,0.0,L,7,Big Arsenal
"Berríos, José",621244,2025,698,19.8,8.0,0.337,90.3,22.0,17.9,,16.8,,33.6,5.8,,,,25.9,,,11.8,0.0,R,7,Big Arsenal
"Hendricks, Kyle",543294,2025,695,16.4,6.2,0.308,86.1,18.3,15.0,,38.4,8.2,38.4,,,,,,,,10.2,0.0,R,8,Changeup Specialist
"Rodriguez, Eduardo",593958,2025,694,20.6,8.6,0.328,88.2,23.0,46.6,3.8,20.5,4.7,8.8,15.6,,,,,,,12.000000000000002,0.0,R,8,Changeup Specialist
"Ryan, Joe",657746,2025,689,28.2,5.7,0.289,90.2,26.1,50.3,9.2,,3.9,12.4,,11.1,,13.1,,,,22.5,0.0,R,7,Big Arsenal
"Yamamoto, Yoshinobu",808967,2025,684,29.4,8.6,0.259,88.3,28.9,35.2,2.8,,17.6,7.8,11.2,25.5,,0.0,,,,20.799999999999997,0.0,R,2,4 seam + 12/6
"Abbott, Andrew",671096,2025,684,21.8,6.3,0.294,87.8,24.0,47.2,,19.6,11.5,,4.3,,,17.4,,,,15.5,0.0,R,2,4 seam + 12/6
"Martinez, Nick",607259,2025,683,17.0,6.1,0.312,88.3,19.9,20.7,10.4,19.8,11.0,17.1,21.0,,,,,,,10.9,0.0,L,7,Big Arsenal
"Flaherty, Jack",656427,2025,681,27.6,8.7,0.31,89.7,27.3,46.9,23.6,2.5,25.4,1.6,,,,,,,,18.900000000000002,0.0,R,2,4 seam + 12/6
"Gore, MacKenzie",669022,2025,679,27.2,9.3,0.322,90.4,29.7,49.3,12.0,10.3,24.0,,4.5,,,,,,,17.9,0.0,L,2,4 seam + 12/6
"Pepiot, Ryan",686752,2025,679,24.6,9.0,0.31,90.1,26.0,45.0,17.8,25.1,3.3,2.6,6.3,,,,,,,15.600000000000001,0.0,L,9,Lefty Changeup Specialist
"Elder, Bryce",693821,2025,679,19.3,7.5,0.335,90.0,22.5,12.3,35.1,10.5,,42.1,,,,,,,,11.8,0.0,R,6,Primary Sinker
"Allen, Logan",671106,2025,676,18.0,9.2,0.326,88.6,20.6,33.1,0.2,18.5,,13.6,11.1,,,23.5,,,,8.8,0.0,L,7,Big Arsenal
"Sugano, Tomoyuki",608372,2025,675,15.7,5.3,0.366,90.0,18.5,18.9,,,9.7,16.1,12.0,23.5,,19.8,,,,10.399999999999999,0.0,R,7,Big Arsenal
"Paddack, Chris",663978,2025,670,16.7,5.5,0.344,90.7,20.7,43.2,2.3,23.5,11.9,5.2,13.9,,,,,,,11.2,0.0,R,8,Changeup Specialist
"Mikolas, Miles",571945,2025,669,14.9,5.5,0.351,89.3,16.5,27.7,23.4,11.5,17.6,17.0,,,,2.9,,,,9.4,0.0,R,2,4 seam + 12/6
"deGrom, Jacob",594798,2025,669,27.7,5.5,0.286,90.1,30.2,46.0,37.6,11.3,5.1,,,,,,,,,22.2,0.0,R,3,Four Seam and Changeup/Splitter
"Corbin, Patrick",571578,2025,663,19.8,7.7,0.336,89.2,26.9,2.7,33.5,9.3,0.6,28.9,25.0,,,,,,,12.100000000000001,0.0,R,4,Cutter/Sinker
"Verlander, Justin",434378,2025,662,20.7,7.9,0.319,88.6,24.8,45.3,23.3,8.5,14.6,0.4,,,,7.9,,,,12.799999999999999,0.0,R,2,4 seam + 12/6
"Rea, Colin",607067,2025,662,19.2,6.6,0.328,89.8,22.0,41.5,10.0,,9.2,10.6,7.3,12.1,,9.3,,,,12.6,0.0,L,7,Big Arsenal
"Morton, Charlie",450203,2025,654,22.8,11.0,0.333,91.2,27.9,27.6,,9.9,38.3,15.1,9.1,,,,,,,11.8,0.0,R,2,4 seam + 12/6
"Priester, Quinn",682990,2025,653,20.2,7.7,0.298,89.0,24.5,,26.9,1.5,9.3,41.7,20.6,,,,,,,12.5,0.0,R,6,Primary Sinker
"Suarez, Ranger",624133,2025,651,23.2,5.8,0.278,86.5,22.2,14.5,4.1,19.1,16.1,28.6,17.6,,,,,,,17.4,0.0,R,6,Primary Sinker
"Liberatore, Matthew",669461,2025,648,18.8,6.2,0.339,90.6,20.2,28.7,21.2,12.2,15.8,11.8,10.4,,,,,,,12.600000000000001,0.0,R,2,4 seam + 12/6
"Leiter, Jack",683004,2025,646,22.9,10.4,0.326,90.5,24.3,38.8,23.3,16.5,9.4,12.0,,,,,,,,12.499999999999998,0.0,L,7,Big Arsenal
"Lodolo, Nick",666157,2025,642,24.3,4.8,0.291,88.8,27.5,27.8,,21.7,28.7,21.8,,,,,,,,19.5,0.0,R,8,Changeup Specialist
"Mize, Casey",663554,2025,627,22.2,5.7,0.298,90.0,24.1,33.6,16.3,,,12.6,,24.2,,,13.3,,,16.5,0.0,L,7,Big Arsenal
"Ober, Bailey",641927,2025,624,19.2,5.0,0.323,89.6,24.1,35.9,17.7,28.9,3.5,3.2,,,,10.7,,,,14.2,0.0,R,8,Changeup Specialist
"Fedde, Erick",607200,2025,623,13.3,10.8,0.355,90.2,18.0,0.9,,11.9,,33.3,28.0,,,26.0,,,,2.5,0.0,R,4,Cutter/Sinker
"Nelson, Ryne",669194,2025,619,21.3,6.6,0.308,91.4,21.6,61.9,14.3,2.8,10.9,,10.1,,,,,,,14.700000000000001,0.0,R,2,4 seam + 12/6
"Senzatela, Antonio",622608,2025,618,11.8,7.6,0.395,90.9,18.1,56.9,18.0,7.9,14.8,0.5,1.8,,,,,,,4.200000000000001,0.0,L,2,4 seam + 12/6
"Smith, Shane",681343,2025,616,23.5,9.4,0.31,90.3,27.7,45.0,11.1,16.8,14.6,12.4,,,,0.1,,,,14.1,0.0,R,2,4 seam + 12/6
"Giolito, Lucas",608337,2025,613,19.7,9.1,0.345,90.3,22.9,48.4,25.6,22.6,3.5,,,,,,,,,10.6,0.0,R,8,Changeup Specialist
"Lugo, Seth",607625,2025,611,20.5,9.0,0.348,90.7,20.6,21.1,5.6,9.6,23.0,14.6,14.1,0.5,,2.0,9.4,,,11.5,0.0,R,7,Big Arsenal
"Lorenzen, Michael",547179,2025,606,21.0,6.4,0.331,89.3,23.4,22.0,11.9,17.3,11.3,18.0,10.8,,,8.6,,,,14.6,0.0,R,7,Big Arsenal
"Bradley, Taj",671737,2025,605,21.0,9.3,0.314,89.2,23.6,38.6,,,14.7,8.9,22.6,15.1,,,,,,11.7,0.0,R,2,4 seam + 12/6
"Martin, Davis",663436,2025,601,17.3,8.0,0.347,90.7,21.6,32.7,21.5,24.4,4.8,10.5,1.8,,,4.2,,,,9.3,0.0,R,8,Changeup Specialist
"Anderson, Tyler",542881,2025,599,17.4,9.5,0.345,88.0,25.0,38.1,3.5,34.0,0.3,3.6,20.5,,,,,,,7.899999999999999,0.0,L,9,Lefty Changeup Specialist
"Burke, Sean",680732,2025,596,22.3,10.6,0.342,89.6,25.1,43.1,21.9,6.5,23.7,4.8,,,,,,,,11.700000000000001,0.0,R,2,4 seam + 12/6
"Márquez, Germán",608566,2025,591,14.0,8.1,0.366,91.7,18.6,35.3,10.6,2.4,31.9,19.8,,,,,,,,5.9,0.0,R,2,4 seam + 12/6
"Rasmussen, Drew",656876,2025,585,21.7,6.3,0.291,90.6,22.2,35.2,0.2,1.2,4.3,22.9,31.4,,,4.7,,,,15.399999999999999,0.0,R,4,Cutter/Sinker
"Wheeler, Zack",554430,2025,585,33.3,5.6,0.247,87.4,31.5,40.9,,,9.7,17.1,8.6,8.9,,14.9,,,,27.699999999999996,0.0,R,7,Big Arsenal
"May, Dustin",669160,2025,584,21.1,9.6,0.349,90.6,20.0,16.6,,0.8,,33.5,9.7,,,39.3,,,,11.500000000000002,0.0,R,7,Big Arsenal
"Sears, JP",676664,2025,583,20.1,6.2,0.319,89.2,21.6,40.1,6.8,15.0,3.6,6.8,0.7,,,27.0,,,,13.900000000000002,0.0,R,3,Four Seam and Changeup/Splitter
"Cabrera, Edward",665795,2025,581,25.8,8.3,0.312,90.3,29.4,13.0,17.3,25.8,23.6,20.4,,,,,,,,17.5,0.0,R,8,Changeup Specialist
"Vásquez, Randy",681190,2025,570,13.7,9.1,0.354,89.1,15.7,21.0,2.1,6.9,12.8,19.0,24.9,,,13.1,,,,4.6,0.0,L,7,Big Arsenal
"Imanaga, Shota",684007,2025,567,20.6,4.6,0.313,90.7,24.6,48.7,0.6,,1.6,1.2,,31.4,,16.5,,,,16.0,0.0,R,7,Big Arsenal
"Buehler, Walker",621111,2025,564,16.3,10.6,0.355,87.9,19.2,25.3,14.8,6.9,12.9,16.4,16.9,,,6.9,,,,5.700000000000001,0.0,R,2,4 seam + 12/6
"Cameron, Noah",702070,2025,556,20.5,7.7,0.313,87.9,26.6,26.4,14.1,18.6,19.3,,21.6,,,,,,,12.8,0.0,R,2,4 seam + 12/6
"Quintana, Jose",500779,2025,556,16.0,9.0,0.349,88.7,18.4,11.7,,22.2,13.7,43.8,,,,,8.6,,,7.0,0.0,R,8,Changeup Specialist
"Lord, Brad",695418,2025,546,19.8,7.9,0.335,88.5,21.3,48.5,20.2,13.1,,18.1,,,,0.1,,,,11.9,0.0,R,3,Four Seam and Changeup/Splitter
"Cecconi, Slade",677944,2025,545,20.0,5.9,0.343,91.7,22.5,43.6,18.2,7.5,16.5,11.0,3.1,,,0.2,,,,14.1,0.0,R,2,4 seam + 12/6
"Strider, Spencer",675911,2025,539,24.3,9.5,0.341,91.3,30.6,51.2,35.3,4.6,8.9,,,,,,,,,14.8,0.0,R,7,Big Arsenal
"Walker, Taijuan",592836,2025,538,16.0,7.8,0.33,89.6,18.5,9.5,11.3,,6.5,20.2,30.1,22.5,,,,,,8.2,0.0,R,4,Cutter/Sinker
"Heaney, Andrew",571760,2025,536,16.0,7.5,0.362,90.2,19.9,43.7,16.6,17.3,11.1,11.2,,,,,,,,8.5,0.0,R,2,4 seam + 12/6
"Gilbert, Logan",669302,2025,535,32.3,5.8,0.275,90.8,32.9,36.7,35.3,,7.5,1.0,,19.6,,,,,,26.499999999999996,0.0,R,7,Big Arsenal
"Kirby, George",669923,2025,524,26.1,5.5,0.306,90.6,26.7,28.8,,2.1,11.3,26.8,,2.8,,28.2,,,,20.6,0.0,R,2,4 seam + 12/6
"Taillon, Jameson",592791,2025,519,18.9,5.2,0.305,88.3,20.8,38.0,,11.2,13.3,7.3,14.6,,,15.6,,,,13.7,0.0,R,2,4 seam + 12/6
"Houser, Adrian",605288,2025,518,17.8,7.3,0.312,90.2,18.1,11.7,15.4,15.3,11.7,45.9,,,,,,,,10.5,0.0,R,6,Primary Sinker
"Falter, Bailey",663559,2025,518,15.6,8.9,0.34,90.5,18.1,50.8,18.1,,12.6,9.8,,7.7,,,0.9,,,6.699999999999999,0.0,R,2,4 seam + 12/6
"Quantrill, Cal",615698,2025,513,16.6,6.8,0.366,90.4,20.2,15.0,8.4,0.3,11.8,22.1,21.6,20.9,,,,,,9.8,0.0,R,6,Primary Sinker
"Kochanowicz, Jack",686799,2025,512,14.1,11.3,0.368,92.1,20.8,18.7,14.7,14.0,,47.0,,,,5.5,,,,2.799999999999999,0.0,L,7,Big Arsenal
"Sale, Chris",519242,2025,510,32.4,6.3,0.265,87.2,30.1,41.7,47.3,7.6,,3.5,,,,,,,,26.099999999999998,0.0,R,7,Big Arsenal
"Patrick, Chad",694477,2025,503,25.2,8.0,0.306,89.4,23.5,22.2,5.3,6.7,,23.0,41.2,,,,1.6,,,17.2,0.0,R,4,Cutter/Sinker
"Eovaldi, Nathan",543135,2025,496,26.0,4.2,0.271,88.6,27.7,22.5,1.2,,19.7,5.1,20.1,31.4,,,,,,21.8,0.0,R,7,Big Arsenal
"Holmes, Grant",656550,2025,492,25.0,11.0,0.329,90.1,29.7,32.6,35.7,1.2,15.2,0.1,15.1,,,,,,,14.0,0.0,R,2,4 seam + 12/6
"Povich, Cade",700249,2025,488,24.2,8.8,0.356,91.2,24.2,37.2,1.7,15.0,21.8,12.3,1.7,,,10.3,,,,15.399999999999999,0.0,R,2,4 seam + 12/6
"Senga, Kodai",673540,2025,482,22.6,11.4,0.309,88.9,27.4,31.4,4.1,,1.7,6.0,20.5,,,7.8,,28.5,,11.200000000000001,0.0,R,7,Big Arsenal
"Bubic, Kris",663460,2025,476,24.4,8.2,0.278,87.6,28.8,38.1,13.5,21.1,,6.5,,,,20.8,,,,16.2,0.0,R,8,Changeup Specialist
"Roupp, Landen",694738,2025,476,21.4,9.5,0.319,88.4,25.2,0.7,,17.0,35.7,39.9,6.7,,,,,,,11.899999999999999,0.0,L,6,Primary Sinker
"Horton, Cade",690990,2025,476,20.4,6.9,0.306,89.7,25.8,50.3,0.1,12.8,9.7,5.5,,,,21.6,,,,13.499999999999998,0.0,L,7,Big Arsenal
"Brown, Ben",676962,2025,472,25.6,6.8,0.329,92.4,28.3,55.6,,4.5,39.9,,,,,,,,,18.8,0.0,R,2,4 seam + 12/6
"Woods Richardson, Simeon",680573,2025,471,22.7,9.8,0.304,90.2,24.1,45.6,27.2,4.3,13.0,,,10.0,,,,,,12.899999999999999,0.0,L,2,4 seam + 12/6
"Cannon, Jonathan",686563,2025,466,18.5,8.2,0.354,90.3,21.4,18.1,0.3,21.4,,21.9,23.3,,,15.0,,,,10.3,0.0,L,9,Lefty Changeup Specialist
"Kershaw, Clayton",477132,2025,463,18.1,7.6,0.303,89.7,24.3,34.6,41.4,,17.9,0.5,,5.5,,,,,,10.500000000000002,0.0,R,2,4 seam + 12/6
"Kolek, Stephen",663568,2025,461,16.7,6.7,0.321,91.1,17.7,25.6,16.5,11.6,0.1,24.1,15.2,,,6.9,,,,10.0,0.0,L,7,Big Arsenal
"Gusto, Ryan",687473,2025,453,21.4,7.9,0.33,90.6,23.4,43.7,,9.5,14.9,10.6,11.0,,,10.2,,,,13.499999999999998,0.0,R,2,4 seam + 12/6
"Junk, Janson",676083,2025,447,17.2,2.9,0.326,91.6,18.2,37.7,27.6,7.8,11.7,,,,,15.2,,,,14.299999999999999,0.0,L,2,4 seam + 12/6
"Civale, Aaron",650644,2025,435,20.2,7.6,0.314,88.5,21.8,15.5,7.7,,18.9,16.8,35.0,5.8,,0.3,,,,12.6,0.0,L,4,Cutter/Sinker
"Schwellenbach, Spencer",680885,2025,434,24.9,4.1,0.294,88.8,28.3,35.3,18.1,,11.4,10.0,11.3,13.9,,,,,,20.799999999999997,0.0,R,2,4 seam + 12/6
"Lauer, Eric",641778,2025,426,23.9,6.1,0.306,90.6,23.7,46.5,10.6,8.0,14.4,0.1,20.5,,,,,,,17.799999999999997,0.0,R,2,4 seam + 12/6
"Rogers, Trevor",669432,2025,423,24.3,6.9,0.288,89.7,25.6,40.9,,25.0,,14.9,11.7,,,7.5,,,,17.4,0.0,R,8,Changeup Specialist
"Vasil, Mike",678024,2025,423,19.4,12.3,0.312,89.3,24.0,14.0,,12.2,12.3,39.9,5.5,,,16.1,,,,7.099999999999998,0.0,R,7,Big Arsenal
"Greene, Hunter",668881,2025,420,31.4,6.2,0.273,90.4,31.4,54.2,35.0,,0.1,,,10.8,,,,,,25.2,0.0,L,7,Big Arsenal
